Pair,Window,Kalman Sharpe,OLS Sharpe
V/MA,10,-0.3770947020570952,0.13003549944542545
V/MA,20,-0.5848609079665836,-0.5780025372577692
V/MA,40,-0.2865522032210329,-0.7712886216689896
KO/PEP,10,-0.39487978100624926,-0.9376683558166169
KO/PEP,20,-0.3005539376420854,-0.3792135734105833
KO/PEP,40,-0.4303524968042495,-0.4650212828546369
JPM/BAC,10,-0.54199233050569,-0.09778141075062205
JPM/BAC,20,-0.12839361469324054,-0.11889665384465699
JPM/BAC,40,-0.4173421557706129,-0.7176327315112143
GOOG/GOOGL,10,-2.112319362055177,-1.7017204073755021
GOOG/GOOGL,20,-2.052501406825001,-0.9952011094927776
GOOG/GOOGL,40,-1.8173845777106241,-0.6594526550160331
CVX/XOM,10,-0.8168375019698885,-0.7988290429028618
CVX/XOM,20,-0.22487247665641066,-0.01764215934011009
CVX/XOM,40,-0.6706390585304772,0.008850444556746275
MSFT/AAPL,10,-0.5590069844471635,0.4188486061137451
MSFT/AAPL,20,-0.3363073813405243,0.34583122336670596
MSFT/AAPL,40,0.300271912980145,0.07249426651347782
KO/XOM,10,0.015628149280382496,0.30177114774240255
KO/XOM,20,-0.5774049381423801,0.04909683173193964
KO/XOM,40,-0.3837498002829704,-0.5303939833957406
