Half-Life,Delay,Cost(bps),Mean Sharpe,5%,95%
RW (Null),shift(1),0.0,-0.10258342954722983,-0.8527883248381094,0.5787949172036762
RW (Null),shift(1),3.0,-0.4628680971742976,-1.0972438022506448,0.1508057323681318
RW (Null),shift(2),0.0,-0.11455402611338443,-0.8676319452678403,0.5034099443640502
RW (Null),shift(2),3.0,-0.4749482913836481,-1.0701135957646966,0.10751973555329948
0.9d,shift(1),0.0,2.1174478462234294,1.7538574026528564,2.4933832690726665
0.9d,shift(1),3.0,2.0722019746114877,1.7204713403896168,2.4550908936166853
0.9d,shift(2),0.0,1.0289392694818447,0.47861502152976293,1.4623428982055064
0.9d,shift(2),3.0,0.972758871437808,0.4309421682317271,1.4009374513152897
2.0d,shift(1),0.0,1.9918338274509042,1.6419883929535781,2.3878006744039597
2.0d,shift(1),3.0,1.9221842608583497,1.5723770169539597,2.306719634892588
2.0d,shift(2),0.0,1.4141745504349583,1.0497016935070989,1.8874351025292821
2.0d,shift(2),3.0,1.3407065758757915,0.9697339224075029,1.8234846903521202
5.0d,shift(1),0.0,1.2972305989838022,0.9096955030701893,1.8249382686102877
5.0d,shift(1),3.0,1.187790703125013,0.7775182895690473,1.7427590514960338
5.0d,shift(2),0.0,1.12289971362234,0.7369670881329956,1.5440948234696392
5.0d,shift(2),3.0,1.0137264292314978,0.6314682507609254,1.4890811609675478
10.0d,shift(1),0.0,1.2854903156135484,0.8485461735171714,1.8052201954904457
10.0d,shift(1),3.0,1.1610405680085814,0.7071054820626103,1.6082824072851574
10.0d,shift(2),0.0,1.1852306074510743,0.7579136838930732,1.6675451455502115
10.0d,shift(2),3.0,1.0601793358865266,0.6108740394818226,1.549706983594759
