Half-Life,Method,Beta,Mean Sharpe,5%,95%
5.0d,oracle,constant,0.99,0.163,1.68
5.0d,oracle,drift=0.001,1.041,0.447,1.628
5.0d,kalman_1e-8,constant,0.844,-0.028,1.531
5.0d,kalman_1e-8,drift=0.001,0.935,0.185,1.465
5.0d,kalman_1e-7,constant,0.703,-0.044,1.486
5.0d,kalman_1e-7,drift=0.001,0.802,0.068,1.405
5.0d,kalman_1e-5,constant,0.021,-0.691,0.773
5.0d,kalman_1e-5,drift=0.001,0.074,-0.775,0.851
5.0d,kalman_1e-3,constant,-0.021,-0.815,0.611
5.0d,kalman_1e-3,drift=0.001,-0.047,-0.826,0.818
5.0d,ols_static,constant,0.977,0.2,1.624
5.0d,ols_static,drift=0.001,1.028,0.367,1.607
5.0d,ols_20,constant,0.34,-0.447,0.872
5.0d,ols_20,drift=0.001,0.364,-0.102,0.888
5.0d,ols_40,constant,0.579,-0.095,1.298
5.0d,ols_40,drift=0.001,0.527,-0.062,1.16
10.0d,oracle,constant,1.048,0.354,1.784
10.0d,oracle,drift=0.001,1.008,0.365,1.763
10.0d,kalman_1e-8,constant,0.854,0.118,1.587
10.0d,kalman_1e-8,drift=0.001,0.74,0.09,1.502
10.0d,kalman_1e-7,constant,0.615,-0.054,1.548
10.0d,kalman_1e-7,drift=0.001,0.491,-0.16,1.38
10.0d,kalman_1e-5,constant,-0.091,-1.082,0.916
10.0d,kalman_1e-5,drift=0.001,-0.135,-0.826,0.582
10.0d,kalman_1e-3,constant,-0.337,-1.197,0.407
10.0d,kalman_1e-3,drift=0.001,-0.421,-1.215,0.361
10.0d,ols_static,constant,1.044,0.456,1.603
10.0d,ols_static,drift=0.001,1.02,0.324,1.818
10.0d,ols_20,constant,0.298,-0.434,1.051
10.0d,ols_20,drift=0.001,0.124,-0.593,0.932
10.0d,ols_40,constant,0.443,-0.528,1.35
10.0d,ols_40,drift=0.001,0.35,-0.641,1.217
